Number,date,day,month,opponent,win_loss,runs,runs_allowed,innings,rank,games_behind_raw,day_night_raw,attendance,home,win_total,loss_total,win_percentage,streak,game_duration,games_behind,google_trends,distance,avg_run,avg_run_allowed,avg_inning,avg_duration,temperature
2,"Wednesday, Apr 6 2016",Wednesday,Apr,WSN,L,1,3,9,3,2,N,"18,531",1,0,2,0,-2,173,-2,21,638.6,2.5,1.1,9.1,176.5,17.9
3,"Friday, Apr 8 2016",Friday,Apr,STL,L,4,7,9,4,2,N,"24,824",1,0,3,0,-3,180,-2,21,554.9,2.4,1.3,9.1,176.1,22.7
4,"Saturday, Apr 9 2016",Saturday,Apr,STL,L,2,12,9,5,2.5,N,"33,471",1,0,4,0,-4,210,-2.5,21,554.9,2.6,1.9,9.1,176.5,28.5
5,"Sunday, Apr 10 2016",Sunday,Apr,STL,L,7,12,9,5,3.5,D,"23,214",1,0,5,0,-5,235,-3.5,19,554.9,2.6,3,9.1,177.1,27.1
6,"Tuesday, Apr 19 2016",Tuesday,Apr,LAD,W,8,1,9,5,6,N,"14,160",1,4,9,0.307692308,4,177,-6,18,2182.4,3.1,4.1,9.1,183,24.9
7,"Wednesday, Apr 20 2016",Wednesday,Apr,LAD,L,3,5,10,5,7,N,"16,087",1,4,10,0.285714286,-1,234,-7,18,2182.4,3.7,4.2,9.1,182.7,27.2
8,"Thursday, Apr 21 2016",Thursday,Apr,LAD,L,1,2,10,5,7,D,"18,431",1,4,11,0.266666667,-2,208,-7,18,2182.4,4,4.4,9.2,187.6,26.2
9,"Friday, Apr 22 2016",Friday,Apr,NYM,L,3,6,9,5,8,N,"21,173",1,4,12,0.25,-3,201,-8,18,864.2,3.7,4.6,9.3,193.2,26.2
10,"Saturday, Apr 23 2016",Saturday,Apr,NYM,L,2,8,9,5,9,N,"35,230",1,4,13,0.235294118,-4,180,-9,18,864.2,3.4,5.2,9.3,200.3,15.8
11,"Sunday, Apr 24 2016",Sunday,Apr,NYM,L,2,3,9,5,10,D,"32,085",1,4,14,0.222222222,-5,176,-10,15,864.2,3.4,6,9.3,200.1,19.4
12,"Monday, Apr 25 2016",Monday,Apr,BOS,L,0,1,9,5,10.5,N,"22,735",1,4,15,0.210526316,-6,175,-10.5,15,1077,3.3,5.9,9.2,197.4,21.2
13,"Tuesday, Apr 26 2016",Tuesday,Apr,BOS,L,4,11,9,5,10.5,N,"23,487",1,4,16,0.2,-7,172,-10.5,15,1077,3.2,5.7,9.2,197.6,25.7
14,"Friday, May 6 2016",Friday,May,ARI,L,2,7,9,5,11.5,N,"23,514",1,7,21,0.25,-2,198,-11.5,12,1845.6,3.2,6.1,9.2,196.8,24.7
15,"Saturday, May 7 2016",Saturday,May,ARI,L,2,4,9,5,11.5,N,"22,178",1,7,22,0.24137931,-3,197,-11.5,12,1845.6,3.2,5.6,9.2,195.6,27.5
16,"Sunday, May 8 2016",Sunday,May,ARI,L,3,5,11,5,12,D,"17,106",1,7,23,0.233333333,-4,228,-12,13,1845.6,2.7,4.8,9.2,191.8,21.4
17,"Tuesday, May 10 2016",Tuesday,May,PHI,L,2,3,9,5,12.5,N,"14,490",1,7,24,0.225806452,-5,153,-12.5,13,778.3,2.2,5.2,9.4,196.9,21.8
18,"Wednesday, May 11 2016",Wednesday,May,PHI,W,5,1,9,5,12.5,N,"13,760",1,8,24,0.25,1,140,-12.5,13,778.3,2.1,5,9.3,188.8,26.7
19,"Thursday, May 12 2016",Thursday,May,PHI,L,4,7,10,5,12.5,N,"15,643",1,8,25,0.242424242,-1,194,-12.5,13,778.3,2.5,4.9,9.2,182,26.4
20,"Tuesday, May 24 2016",Tuesday,May,MIL,L,1,2,9,5,15,N,"15,185",1,12,32,0.272727273,-2,188,-15,14,813.9,2.6,5,9.3,181.3,26.7
21,"Wednesday, May 25 2016",Wednesday,May,MIL,L,2,3,13,5,15,N,"12,869",1,12,33,0.266666667,-3,291,-15,14,813.9,2.5,4.4,9.3,182.1,27.6
22,"Thursday, May 26 2016",Thursday,May,MIL,L,2,6,9,5,16,N,"14,885",1,12,34,0.260869565,-4,185,-16,14,813.9,2.5,4.4,9.7,193.6,28.8
23,"Friday, May 27 2016",Friday,May,MIA,W,4,2,9,5,15,N,"19,325",1,13,34,0.276595745,1,193,-15,14,662.5,2.7,4.9,9.7,194.6,28.9
24,"Saturday, May 28 2016",Saturday,May,MIA,W,7,2,9,5,14,D,"33,879",1,14,34,0.291666667,2,195,-14,14,662.5,2.7,4,9.7,196.7,25.4
26,"Monday, May 30 2016",Monday,May,SFG,W,5,3,9,5,15,D,"23,147",1,15,35,0.3,1,157,-15,15,2473.4,3.3,3.8,9.7,196.5,28.2
27,"Tuesday, May 31 2016",Tuesday,May,SFG,L,0,4,9,5,16,N,"15,723",1,15,36,0.294117647,-1,149,-16,15,2473.4,3.5,3.6,9.5,189.4,24.1
28,"Wednesday, Jun 1 2016",Wednesday,Jun,SFG,W-wo,5,4,11,5,16,N,"15,107",1,16,36,0.307692308,1,218,-16,15,2473.4,3.3,3.7,9.5,189,22.2
29,"Thursday, Jun 2 2016",Thursday,Jun,SFG,L,0,6,9,5,16.5,D,"15,983",1,16,37,0.301886792,-1,169,-16.5,15,2473.4,3.3,4,9.7,196.8,25.6
30,"Friday, Jun 10 2016",Friday,Jun,CHC,W,5,1,9,5,18.5,N,"30,547",1,18,42,0.3,2,171,-18.5,14,719.6,2.9,3.9,9.6,194.3,9.1
31,"Saturday, Jun 11 2016",Saturday,Jun,CHC,L,2,8,9,5,19.5,D,"43,114",1,18,43,0.295081967,-1,165,-19.5,14,719.6,3.3,3.8,9.6,192.6,13.9
32,"Sunday, Jun 12 2016",Sunday,Jun,CHC,L,2,13,9,5,20.5,D,"31,625",1,18,44,0.290322581,-2,222,-20.5,14,719.6,3.3,4.3,9.2,180,16.4
33,"Monday, Jun 13 2016",Monday,Jun,CIN,L,8,9,9,5,21.5,N,"13,198",1,18,45,0.285714286,-3,202,-21.5,14,460.7,3.3,5,9.2,183.7,26.1
34,"Tuesday, Jun 14 2016",Tuesday,Jun,CIN,L,1,3,9,5,21.5,N,"13,176",1,18,46,0.28125,-4,178,-21.5,14,460.7,3.7,5.7,9.2,184.6,26.3
35,"Wednesday, Jun 15 2016",Wednesday,Jun,CIN,W-wo,9,8,13,5,21.5,N,"14,953",1,19,46,0.292307692,1,318,-21.5,14,460.7,3.1,5.8,9.2,182.9,26.3
36,"Thursday, Jun 16 2016",Thursday,Jun,CIN,W,7,2,9,5,21.5,D,"21,885",1,20,46,0.303030303,2,176,-21.5,14,460.7,3.7,5.9,9.6,194.9,29.6
37,"Thursday, Jun 23 2016",Thursday,Jun,NYM,W,4,3,9,5,17.5,N,"22,324",1,25,47,0.347222222,1,174,-17.5,15,864.2,3.9,5.8,9.6,196.8,28.3
38,"Friday, Jun 24 2016",Friday,Jun,NYM,L,6,8,9,5,17.5,N,"25,565",1,25,48,0.342465753,-1,175,-17.5,15,864.2,4.3,5.7,9.6,199.3,25.7
39,"Saturday, Jun 25 2016",Saturday,Jun,NYM,L,0,1,11,5,17.5,N,"40,879",1,25,49,0.337837838,-2,199,-17.5,15,864.2,4.4,6.1,9.4,195,27.4
40,"Sunday, Jun 26 2016",Sunday,Jun,NYM,W,5,2,9,5,17.5,D,"20,484",1,26,49,0.346666667,1,159,-17.5,17,864.2,4.4,5.6,9.6,198,27.7
41,"Monday, Jun 27 2016",Monday,Jun,CLE,L,3,8,9,5,18.5,N,"15,538",1,26,50,0.342105263,-1,195,-18.5,17,711,4.4,5.7,9.6,196.8,26.2
42,"Tuesday, Jun 28 2016",Tuesday,Jun,CLE,L,3,5,9,5,19.5,N,"19,206",1,26,51,0.337662338,-2,160,-19.5,17,711,4.5,5.7,9.6,199.8,28
43,"Wednesday, Jun 29 2016",Wednesday,Jun,CLE,L,0,3,9,5,20.5,N,"16,600",1,26,52,0.333333333,-3,171,-20.5,17,711,4.6,4.9,9.6,193.6,27.9
44,"Thursday, Jun 30 2016",Thursday,Jun,MIA,W,8,5,9,5,20.5,N,"16,097",1,27,52,0.341772152,1,213,-20.5,17,662.5,3.8,4.3,9.6,190.5,25.3
45,"Friday, Jul 1 2016",Friday,Jul,MIA,L,5,7,12,5,21.5,N,"32,036",1,27,53,0.3375,-1,245,-21.5,17,662.5,4.5,4.5,9.6,194,26.6
46,"Saturday, Jul 2 2016",Saturday,Jul,MIA,W,9,1,9,5,20.5,D,"23,448",1,28,53,0.345679012,1,148,-20.5,17,662.5,4.1,4.4,9.5,186.7,27.4
47,"Sunday, Jul 3 2016",Sunday,Jul,MIA,L,2,5,9,5,21.5,N,"12,582",1,28,54,0.341463415,-1,179,-21.5,14,662.5,4.3,4.3,9.5,183.9,24.8
48,"Friday, Jul 15 2016",Friday,Jul,COL,L,2,11,9,5,23.5,N,"27,236",1,31,59,0.344444444,-1,208,-23.5,10,1402.6,4.1,4.5,9.5,184.4,26
49,"Saturday, Jul 16 2016",Saturday,Jul,COL,L,3,4,9,5,24.5,N,"28,393",1,31,60,0.340659341,-2,182,-24.5,10,1402.6,3.7,4.8,9.5,187.7,25.8
50,"Sunday, Jul 17 2016",Sunday,Jul,COL,W-wo,1,0,9,5,23.5,D,"18,873",1,32,60,0.347826087,1,202,-23.5,12,1402.6,4,5.1,9.3,186,26.6
51,"Thursday, Jul 28 2016",Thursday,Jul,PHI,L,5,7,9,5,25,N,"22,785",1,35,67,0.343137255,-1,205,-25,13,778.3,3.6,4.9,9.3,190.3,26.4
52,"Friday, Jul 29 2016",Friday,Jul,PHI,W,2,1,9,5,25,N,"27,732",1,36,67,0.349514563,1,163,-25,13,778.3,3.8,4.8,9.3,191.3,27.1
53,"Saturday, Jul 30 2016",Saturday,Jul,PHI,L,5,9,9,5,25,N,"38,236",1,36,68,0.346153846,-1,220,-25,13,778.3,3.7,4.4,9.3,191.6,27.5
54,"Sunday, Jul 31 2016",Sunday,Jul,PHI,W,2,1,9,5,24,D,"21,545",1,37,68,0.352380952,1,163,-24,15,778.3,4.2,5,9.3,196.5,27.8
55,"Tuesday, Aug 2 2016",Tuesday,Aug,PIT,L,3,5,9,5,25.5,N,"20,633",1,37,69,0.349056604,-1,200,-25.5,15,684.6,3.6,4.6,9.3,191.5,27.1
56,"Wednesday, Aug 3 2016",Wednesday,Aug,PIT,W,8,4,9,5,25.5,N,"19,281",1,38,69,0.355140187,1,205,-25.5,15,684.6,3.4,4.4,9,187,25.6
57,"Thursday, Aug 4 2016",Thursday,Aug,PIT,W,5,2,9,5,25,N,"20,527",1,39,69,0.361111111,2,175,-25,15,684.6,3.3,4.7,9,192.7,25.6
58,"Tuesday, Aug 16 2016",Tuesday,Aug,MIN,L,2,4,9,5,26.5,N,"17,611",1,44,75,0.369747899,-3,208,-26.5,11,1130,3.6,4.4,9,192.3,25.5
59,"Wednesday, Aug 17 2016",Wednesday,Aug,MIN,L,3,10,9,5,26.5,N,"19,304",1,44,76,0.366666667,-4,204,-26.5,11,1130,3.6,3.7,9,192.3,27.9
60,"Thursday, Aug 18 2016",Thursday,Aug,WSN,L,2,8,9,5,27.5,N,"24,099",1,44,77,0.363636364,-5,212,-27.5,11,638.6,3.6,4.3,9,194.5,25.9
61,"Friday, Aug 19 2016",Friday,Aug,WSN,L,6,7,9,5,28.5,N,"30,292",1,44,78,0.360655738,-6,216,-28.5,11,638.6,3.7,5.1,9,195.5,25.4
62,"Saturday, Aug 20 2016",Saturday,Aug,WSN,L,9,11,9,5,29.5,N,"42,421",1,44,79,0.357723577,-7,206,-29.5,11,638.6,3.8,5.1,9,196.6,24.7
63,"Sunday, Aug 21 2016",Sunday,Aug,WSN,W-wo,7,6,10,5,28.5,D,"25,341",1,45,79,0.362903226,1,216,-28.5,11,638.6,4.5,6.1,9,200.9,18.4
64,"Tuesday, Aug 30 2016",Tuesday,Aug,SDP,W,7,3,9,5,28,N,"20,309",1,49,83,0.371212121,1,175,-28,10,2139.9,4.7,5.8,9.1,200.5,17.6
65,"Wednesday, Aug 31 2016",Wednesday,Aug,SDP,W,8,1,9,5,28,N,"20,899",1,50,83,0.37593985,2,202,-28,10,2139.9,5.2,6,9.1,201.7,20.7
66,"Thursday, Sep 1 2016",Thursday,Sep,SDP,W,9,6,9,5,27.5,D,"22,253",1,51,83,0.380597015,3,168,-27.5,10,2139.9,5.7,5.6,9.1,201.9,17.5
67,"Friday, Sep 9 2016",Friday,Sep,NYM,L,4,6,9,5,29,N,"28,225",1,54,87,0.382978723,-4,197,-29,11,864.2,5.8,5.8,9.1,198.2,19.2
69,"Sunday, Sep 11 2016",Sunday,Sep,NYM,L,3,10,9,5,30,D,"32,829",1,55,88,0.384615385,-1,176,-30,10,864.2,5.9,6.1,9.2,200,26.9
70,"Monday, Sep 12 2016",Monday,Sep,MIA,W,12,7,9,5,30,N,"18,271",1,56,88,0.388888889,1,215,-30,10,662.5,5.9,6.1,9.2,197.2,25.9
71,"Tuesday, Sep 13 2016",Tuesday,Sep,MIA,L,5,7,9,5,30,N,"20,125",1,56,89,0.386206897,-1,204,-30,10,662.5,6.9,6,9.2,197.5,25.9
72,"Wednesday, Sep 14 2016",Wednesday,Sep,MIA,L,5,7,9,5,31,N,"21,498",1,56,90,0.383561644,-2,184,-31,10,662.5,6.8,6,9.2,196.3,26.2
73,"Friday, Sep 16 2016",Friday,Sep,WSN,L,2,7,9,5,32,N,"33,618",1,56,91,0.380952381,-3,194,-32,10,638.6,6.4,5.6,9.2,194.1,26.2
74,"Saturday, Sep 17 2016",Saturday,Sep,WSN,W,7,3,9,5,31,D,"36,016",1,57,91,0.385135135,1,206,-31,10,638.6,5.9,5.7,9.1,191.9,26.1
75,"Sunday, Sep 18 2016",Sunday,Sep,WSN,W,6,2,7,5,30,D,"37,296",1,58,91,0.389261745,2,156,-30,10,638.6,5.9,5.7,9.1,195,25.1
76,"Tuesday, Sep 27 2016",Tuesday,Sep,PHI,W,7,6,9,5,27.5,N,"22,348",1,64,92,0.41025641,1,182,-27.5,12,778.3,5.7,5.8,8.9,190.4,20.4
77,"Wednesday, Sep 28 2016",Wednesday,Sep,PHI,W,12,2,9,5,26.5,N,"22,104",1,65,92,0.414012739,2,165,-26.5,12,778.3,5.5,5.8,8.9,191.8,22.1
78,"Thursday, Sep 29 2016",Thursday,Sep,PHI,W,5,2,9,5,26.5,N,"32,121",1,66,92,0.417721519,3,198,-26.5,12,778.3,6.3,5.4,8.9,188.6,19.6
79,"Friday, Sep 30 2016",Friday,Sep,DET,L,2,6,9,5,26.5,N,"41,500",1,66,93,0.41509434,-1,201,-26.5,12,722,6.4,5.3,8.8,188,25.6
80,"Saturday, Oct 1 2016",Saturday,Oct,DET,W,5,3,9,5,26.5,N,"40,124",1,67,93,0.41875,1,171,-26.5,12,722,6.3,4.9,8.8,190.5,25.7
82,"Friday, Apr 14 2017",Friday,Apr,SDP,W,5,2,9,4,3,N,"41,149",1,3,6,0.333333333,2,177,-3,21,2139.9,5.2,3.8,8.8,182.4,27.2
83,"Saturday, Apr 15 2017",Saturday,Apr,SDP,W,4,2,9,4,2,N,"41,149",1,4,6,0.4,3,140,-2,21,2139.9,5.2,3.3,8.8,181.7,27.6
84,"Sunday, Apr 16 2017",Sunday,Apr,SDP,W,9,2,9,4,1.5,D,"37,147",1,5,6,0.454545455,4,166,-1.5,23,2139.9,5.4,2.8,8.8,176.3,27.6
85,"Monday, Apr 17 2017",Monday,Apr,SDP,W-wo,5,4,9,4,1,N,"24,516",1,6,6,0.5,5,168,-1,23,2139.9,5.6,2.7,8.8,172.3,25.9
86,"Tuesday, Apr 18 2017",Tuesday,Apr,WSN,L,1,3,9,4,2,N,"21,834",1,6,7,0.461538462,-1,189,-2,23,638.6,5.5,2.9,9,173.5,29
87,"Wednesday, Apr 19 2017",Wednesday,Apr,WSN,L,4,14,9,4,3,N,"22,101",1,6,8,0.428571429,-2,212,-3,23,638.6,4.9,2.6,9,174.2,29.8
88,"Thursday, Apr 20 2017",Thursday,Apr,WSN,L,2,3,9,4,4,N,"27,498",1,6,9,0.4,-3,161,-4,23,638.6,4.1,3.8,9,178.9,29.2
89,"Monday, May 1 2017",Monday,May,NYM,L,5,7,9,5,6.5,N,"21,668",1,10,14,0.416666667,-2,180,-6.5,18,864.2,3.8,3.9,9,175.2,25.2
90,"Tuesday, May 2 2017",Tuesday,May,NYM,W,9,7,9,3,5.5,N,"21,359",1,11,14,0.44,1,175,-5.5,18,864.2,4.1,4,9,173.1,24.9
91,"Wednesday, May 3 2017",Wednesday,May,NYM,L,5,16,9,5,6.5,N,"22,656",1,11,15,0.423076923,-1,214,-6.5,18,864.2,4.5,4.4,9,173.5,25.7
92,"Friday, May 5 2017",Friday,May,STL,L,0,10,9,5,8,N,"34,465",1,11,16,0.407407407,-2,193,-8,18,554.9,4.9,6,9,178.2,28.3
93,"Saturday, May 6 2017",Saturday,May,STL,L,3,5,9,5,9,N,"40,706",1,11,17,0.392857143,-3,179,-9,18,554.9,4.4,6.8,9,179.8,27.7
94,"Sunday, May 7 2017",Sunday,May,STL,L,4,6,14,5,9,D,"40,200",1,11,18,0.379310345,-4,246,-9,13,554.9,4.3,7.1,9,183.7,29.7
95,"Wednesday, May 17 2017",Wednesday,May,TOR,W,8,4,9,2,8,N,"28,293",1,16,21,0.432432432,3,179,-8,18,951,3.8,7.5,9.5,191.7,30.2
96,"Thursday, May 18 2017",Thursday,May,TOR,L,0,9,9,2,8,N,"25,419",1,16,22,0.421052632,-1,182,-8,18,951,4.1,7.5,9.5,192.8,26.1
97,"Friday, May 19 2017",Friday,May,WSN,W,7,4,9,2,7,N,"35,369",1,17,22,0.435897436,1,212,-7,18,638.6,4,8.1,9.5,192.1,24.8
98,"Saturday, May 20 2017",Saturday,May,WSN,W,5,2,9,2,6,D,"37,347",1,18,22,0.45,2,200,-6,18,638.6,4.3,7.1,9.5,192.1,26.5
99,"Sunday, May 21 2017",Sunday,May,WSN,L,2,3,9,2,7,D,"32,895",1,18,23,0.43902439,-1,170,-7,20,638.6,4.6,7,9.5,196,23.2
100,"Monday, May 22 2017",Monday,May,PIT,W,5,2,9,2,6.5,N,"21,896",1,19,23,0.452380952,1,203,-6.5,20,684.6,4.3,6.6,9.5,195,25.2
101,"Tuesday, May 23 2017",Tuesday,May,PIT,W-wo,6,5,9,2,6.5,N,"25,040",1,20,23,0.465116279,2,183,-6.5,20,684.6,3.9,6.1,9.5,197.8,23.9
102,"Wednesday, May 24 2017",Wednesday,May,PIT,L,5,12,10,2,7.5,N,"25,981",1,20,24,0.454545455,-1,242,-7.5,20,684.6,4,5,9.5,194.7,24.3
103,"Thursday, May 25 2017",Thursday,May,PIT,L,4,9,9,2,7.5,D,"33,713",1,20,25,0.444444444,-2,161,-7.5,20,684.6,4.5,5.2,9.6,199.6,25.6
104,"Monday, Jun 5 2017",Monday,Jun,PHI,L,4,11,9,2,11.5,N,"20,942",1,24,31,0.436363636,-1,198,-11.5,19,778.3,4.6,5.6,9.6,197.8,26.3
105,"Tuesday, Jun 6 2017",Tuesday,Jun,PHI,L,1,3,9,2,12.5,N,"23,489",1,24,32,0.428571429,-2,162,-12.5,19,778.3,4.6,6.1,9.1,193,18.3
106,"Wednesday, Jun 7 2017",Wednesday,Jun,PHI,W,14,1,9,2,11.5,N,"24,185",1,25,32,0.438596491,1,178,-11.5,19,778.3,3.9,6,9.1,191.3,20.2
107,"Thursday, Jun 8 2017",Thursday,Jun,PHI,W,3,1,9,2,11.5,N,"25,095",1,26,32,0.448275862,2,160,-11.5,19,778.3,5.3,5.2,9.1,190.9,21.4
108,"Friday, Jun 9 2017",Friday,Jun,NYM,W-wo,3,2,9,2,10.5,N,"36,791",1,27,32,0.457627119,3,191,-10.5,19,864.2,4.9,4.9,9.1,185.7,19.3
109,"Saturday, Jun 10 (1) 2017",Saturday,Jun,NYM,L,1,6,9,3,11,D,"27,684",1,27,33,0.45,-1,185,-11,19,864.2,4.7,4.9,9.1,184.8,22.1
110,"Saturday, Jun 10 (2) 2017",Saturday,Jun,NYM,L,1,8,9,3,11,N,"40,174",1,27,34,0.442622951,-2,161,-11,19,864.2,4.6,5.2,9.1,186.3,24.2
111,"Sunday, Jun 11 2017",Sunday,Jun,NYM,L,1,2,9,3,11,D,"30,638",1,27,35,0.435483871,-3,181,-11,21,864.2,4.2,5.8,9.1,182.1,25
112,"Friday, Jun 16 2017",Friday,Jun,MIA,L,0,5,9,4,11.5,N,"38,123",1,29,37,0.439393939,-1,164,-11.5,21,662.5,3.7,5.5,9.1,181.9,25.9
113,"Saturday, Jun 17 2017",Saturday,Jun,MIA,W-wo,8,7,10,3,11.5,D,"38,661",1,30,37,0.447761194,1,228,-11.5,21,662.5,3.2,4.8,9,174.1,24.3
114,"Sunday, Jun 18 2017",Sunday,Jun,MIA,W-wo,5,4,9,2,10.5,D,"36,912",1,31,37,0.455882353,2,173,-10.5,24,662.5,3.6,4.6,9.1,180.8,27
115,"Monday, Jun 19 2017",Monday,Jun,SFG,W,9,0,9,2,9.5,N,"24,723",1,32,37,0.463768116,3,166,-9.5,24,2473.4,3.7,3.9,9.1,178.3,27
116,"Tuesday, Jun 20 2017",Tuesday,Jun,SFG,L,3,6,9,2,10.5,N,"23,823",1,32,38,0.457142857,-1,176,-10.5,24,2473.4,4.5,3.6,9.1,178.7,26.6
117,"Wednesday, Jun 21 2017",Wednesday,Jun,SFG,W-wo,5,3,11,2,9.5,N,"25,771",1,33,38,0.464788732,1,196,-9.5,24,2473.4,3.4,4.1,9.1,178.5,27.4
118,"Thursday, Jun 22 2017",Thursday,Jun,SFG,W,12,11,9,2,9,N,"25,521",1,34,38,0.472222222,2,217,-9,24,2473.4,3.6,4.3,9.3,182.1,17.6
119,"Friday, Jun 23 2017",Friday,Jun,MIL,W,5,4,9,2,9,N,"30,521",1,35,38,0.479452055,3,198,-9,24,813.9,4.5,5.2,9.3,184.7,18.2
120,"Saturday, Jun 24 2017",Saturday,Jun,MIL,W,3,1,9,2,9,D,"38,463",1,36,38,0.486486486,4,177,-9,24,813.9,4.9,5,9.3,186,20.3
121,"Sunday, Jun 25 2017",Sunday,Jun,MIL,L,0,7,9,2,9,D,"31,634",1,36,39,0.48,-1,181,-9,19,813.9,5.1,4.3,9.3,187.6,28.2
122,"Tuesday, Jul 4 2017",Tuesday,Jul,HOU,L,4,16,9,2,9,N,"41,456",1,40,42,0.487804878,-1,219,-9,24,793,5,4.8,9.3,187.6,26.8
123,"Wednesday, Jul 5 2017",Wednesday,Jul,HOU,L,4,10,9,2,9.5,N,"37,278",1,40,43,0.481927711,-2,201,-9.5,24,793,5.4,5.9,9.3,193.1,27.9
124,"Friday, Jul 14 2017",Friday,Jul,ARI,W,4,3,9,2,9.5,N,"38,852",1,43,45,0.488636364,1,182,-9.5,16,1845.6,5,6.2,9.2,190.4,27.1
125,"Saturday, Jul 15 2017",Saturday,Jul,ARI,W,8,5,9,2,9.5,N,"41,627",1,44,45,0.494382022,2,208,-9.5,16,1845.6,4.9,6.1,9.2,191.3,27.4
126,"Sunday, Jul 16 2017",Sunday,Jul,ARI,W,7,1,9,2,9.5,D,"36,637",1,45,45,0.5,3,167,-9.5,27,1845.6,4.8,6.6,9.2,195.5,28.9
127,"Monday, Jul 17 2017",Monday,Jul,CHC,L,3,4,9,2,10.5,N,"41,256",1,45,46,0.494505495,-1,197,-10.5,27,719.6,5.2,6.1,9.2,194.6,22.7
128,"Tuesday, Jul 18 2017",Tuesday,Jul,CHC,L,1,5,9,2,11.5,N,"41,541",1,45,47,0.489130435,-2,181,-11.5,27,719.6,5,6.2,9,194.7,24.4
129,"Wednesday, Jul 19 2017",Wednesday,Jul,CHC,L,2,8,9,2,11.5,D,"40,054",1,45,48,0.483870968,-3,185,-11.5,27,719.6,3.9,5.6,9,191.1,25.5
130,"Tuesday, Aug 1 2017",Tuesday,Aug,LAD,L,2,3,9,4,15,N,"32,174",1,48,57,0.457142857,-6,174,-15,20,2182.4,3.6,6,9,189.8,25.7
131,"Wednesday, Aug 2 2017",Wednesday,Aug,LAD,W,5,3,9,4,14,N,"28,107",1,49,57,0.462264151,1,175,-14,20,2182.4,3.5,6.2,9,189.5,24.4
132,"Thursday, Aug 3 2017",Thursday,Aug,LAD,L,4,7,9,4,14.5,N,"29,680",1,49,58,0.457943925,-1,209,-14.5,20,2182.4,4,5.8,9,188.9,23.1
133,"Friday, Aug 4 2017",Friday,Aug,MIA,W,5,3,9,3,14.5,N,"35,914",1,50,58,0.462962963,1,160,-14.5,20,662.5,4,4.9,9,187.9,25
134,"Saturday, Aug 5 2017",Saturday,Aug,MIA,W,7,2,9,3,13.5,N,"40,731",1,51,58,0.467889908,2,178,-13.5,20,662.5,4.1,4.2,9,183.8,26.3
135,"Sunday, Aug 6 2017",Sunday,Aug,MIA,L,1,4,9,3,14.5,D,"29,651",1,51,59,0.463636364,-1,149,-14.5,15,662.5,4.4,4.1,9,183.4,26.9
136,"Tuesday, Aug 8 2017",Tuesday,Aug,PHI,L,2,5,9,3,15,N,"25,783",1,51,60,0.459459459,-2,178,-15,15,778.3,3.7,4,9,177.5,24.2
137,"Wednesday, Aug 9 2017",Wednesday,Aug,PHI,L,2,3,9,3,16,N,"22,776",1,51,61,0.455357143,-3,175,-16,15,778.3,3.2,4.4,9,178.6,24.6
138,"Friday, Aug 18 2017",Friday,Aug,CIN,L,3,5,9,3,19,N,"31,174",1,54,66,0.45,-1,189,-19,13,460.7,3.1,4.3,9,176.4,25.7
139,"Saturday, Aug 19 2017",Saturday,Aug,CIN,L,8,11,9,3,19,N,"39,317",1,54,67,0.446280992,-2,215,-19,13,460.7,3.3,4.3,9,177.2,28.2
140,"Sunday, Aug 20 2017",Sunday,Aug,CIN,W,8,1,9,3,19,D,"25,758",1,55,67,0.450819672,1,191,-19,13,460.7,3.9,4.6,9,180.2,28.3
141,"Monday, Aug 21 2017",Monday,Aug,SEA,L,5,6,9,3,19.5,N,"21,284",1,55,68,0.447154472,-1,179,-19.5,13,2637,4.5,4.4,9,181.9,18.6
142,"Tuesday, Aug 22 2017",Tuesday,Aug,SEA,W,4,0,9,3,19.5,N,"22,947",1,56,68,0.451612903,1,181,-19.5,13,2637,4.5,4.7,9,182.3,18.8
143,"Wednesday, Aug 23 2017",Wednesday,Aug,SEA,L,6,9,9,3,19.5,N,"23,890",1,56,69,0.448,-1,187,-19.5,13,2637,4.5,4,9,179.5,19.8
144,"Friday, Aug 25 2017",Friday,Aug,COL,W,5,2,9,3,19,N,"33,577",1,57,69,0.452380952,1,152,-19,13,1402.6,4.6,4.6,9,182.2,28.3
145,"Saturday, Aug 26 2017",Saturday,Aug,COL,L,6,7,9,3,20,N,"32,448",1,57,70,0.448818898,-1,204,-20,13,1402.6,4.4,4.6,9,179.6,29.3
146,"Sunday, Aug 27 2017",Sunday,Aug,COL,L,0,3,9,3,20.5,D,"28,154",1,57,71,0.4453125,-2,189,-20.5,11,1402.6,4.9,4.9,9,185.1,31.2
147,"Monday, Sep 4 2017",Monday,Sep,TEX,L,2,8,9,3,22.5,N,"23,474",1,60,76,0.441176471,-1,170,-22.5,11,554.9,4.7,4.7,9,186.2,28.5
148,"Wednesday, Sep 6 (1) 2017",Wednesday,Sep,TEX,L,8,12,9,3,23.5,D,"19,971",1,60,77,0.437956204,-2,210,-23.5,11,554.9,4.7,5.2,9,185.7,27.2
149,"Wednesday, Sep 6 (2) 2017",Wednesday,Sep,TEX,W,5,4,9,3,23.5,N,"20,364",1,61,77,0.442028986,1,183,-23.5,11,554.9,5.2,5.9,9,187.8,27.4
150,"Thursday, Sep 7 2017",Thursday,Sep,MIA,W-wo,6,5,9,3,23.5,N,"23,561",1,62,77,0.446043165,2,203,-23.5,11,662.5,4.9,5.2,9,184.6,27.6
151,"Friday, Sep 8 2017",Friday,Sep,MIA,L,1,7,9,3,24.5,N,"30,056",1,62,78,0.442857143,-1,196,-24.5,11,662.5,4.7,5.6,9,185.8,21.7
152,"Saturday, Sep 9 2017",Saturday,Sep,MIA,W-wo,6,5,9,3,23.5,N,"34,043",1,63,78,0.446808511,1,201,-23.5,11,662.5,4.3,5.7,9,187.5,18.7
153,"Sunday, Sep 10 2017",Sunday,Sep,MIA,W-wo,10,8,11,3,23.5,D,"34,974",1,64,78,0.450704225,2,227,-23.5,10,662.5,4.5,6.2,9,189.5,21.7
154,"Friday, Sep 15 2017",Friday,Sep,NYM,W,3,2,9,3,21.5,N,"29,402",1,67,79,0.45890411,1,185,-21.5,10,864.2,4.9,6.1,9.2,193.5,23.2
155,"Saturday, Sep 16 2017",Saturday,Sep,NYM,L,3,7,9,3,21.5,N,"37,846",1,67,80,0.455782313,-1,165,-21.5,10,864.2,4.7,6.1,9.2,196.8,24.4
156,"Sunday, Sep 17 2017",Sunday,Sep,NYM,L,1,5,9,3,22.5,D,"32,785",1,67,81,0.452702703,-2,179,-22.5,9,864.2,4.4,6.1,9.2,192.9,24.4
157,"Tuesday, Sep 19 2017",Tuesday,Sep,WSN,L,2,4,9,3,23.5,N,"26,709",1,67,82,0.44966443,-3,181,-23.5,9,638.6,4.5,6.3,9.2,191.9,24.9
158,"Wednesday, Sep 20 2017",Wednesday,Sep,WSN,L,3,7,9,3,24.5,N,"25,054",1,67,83,0.446666667,-4,171,-24.5,9,638.6,4.5,5.9,9.2,193,23.1
159,"Thursday, Sep 21 2017",Thursday,Sep,WSN,W,3,2,9,3,23.5,N,"32,702",1,68,83,0.450331126,1,138,-23.5,9,638.6,4,5.4,9.2,189.1,24.7
160,"Friday, Sep 22 2017",Friday,Sep,PHI,W,7,2,9,3,22.5,N,"33,702",1,69,83,0.453947368,2,176,-22.5,9,778.3,3.8,5.2,9.2,184.6,25.3
161,"Saturday, Sep 23 2017",Saturday,Sep,PHI,W,4,2,9,3,22.5,N,"39,809",1,70,83,0.45751634,3,170,-22.5,9,778.3,3.9,4.9,9.2,181.9,18.8
162,"Sunday, Sep 24 2017",Sunday,Sep,PHI,L,0,2,9,3,23.5,D,"33,183",1,70,84,0.454545455,-1,158,-23.5,7,778.3,4.2,4.4,9.2,179.3,12.3
163,"Thursday, Mar 29 2018",Thursday,Mar,PHI,W-wo,8,5,9,1, Tied,D,"40,208",1,1,0,1,1,208,0,22,778.3,3.6,4.1,9.2,175,15.3
164,"Friday, Mar 30 2018",Friday,Mar,PHI,L,4,5,11,3,0.5,N,"35,123",1,1,1,0.5,-1,256,-0.5,22,778.3,3.4,3.8,9,173.1,23.5
165,"Saturday, Mar 31 2018",Saturday,Mar,PHI,W,15,2,9,3,0.5,N,"37,777",1,2,1,0.666666667,1,201,-0.5,22,778.3,3.5,4.1,9.2,180.2,23.5
166,"Monday, Apr 2 2018",Monday,Apr,WSN,L,1,8,9,3,2,N,"25,054",1,2,2,0.5,-1,175,-2,24,638.6,4.7,3.6,9.2,183.8,23.4
167,"Tuesday, Apr 3 2018",Tuesday,Apr,WSN,W,13,6,9,3,1,N,"26,782",1,3,2,0.6,1,190,-1,24,638.6,4.7,3.9,9.2,183.4,24.4
168,"Wednesday, Apr 4 2018",Wednesday,Apr,WSN,W,7,1,9,2,0.5,D,"29,834",1,4,2,0.666666667,2,186,-0.5,24,638.6,5.8,4.1,9.2,184.3,23.6
169,"Monday, Apr 16 2018",Monday,Apr,PHI,W,2,1,9,2,3,N,"17,812",1,9,6,0.6,1,160,-3,23,778.3,6.2,3.5,9.2,185.8,25.4
170,"Tuesday, Apr 17 2018",Tuesday,Apr,PHI,L,1,5,10,3,3,N,"17,913",1,9,7,0.5625,-1,216,-3,23,778.3,6.1,3.4,9.2,188,22.4
171,"Wednesday, Apr 18 2018",Wednesday,Apr,PHI,W,7,3,9,2,3,N,"22,135",1,10,7,0.588235294,1,188,-3,23,778.3,5.5,3.7,9.3,192,22.2
172,"Thursday, Apr 19 2018",Thursday,Apr,NYM,W,12,4,9,2,2,N,"23,610",1,11,7,0.611111111,2,180,-2,23,864.2,5.8,3.8,9.3,193.8,21.5
173,"Friday, Apr 20 2018",Friday,Apr,NYM,L,3,5,12,3,3,N,"39,016",1,11,8,0.578947368,-1,231,-3,23,864.2,7,4,9.3,196,22.7
174,"Saturday, Apr 21 2018",Saturday,Apr,NYM,W-wo,4,3,9,3,2,N,"41,396",1,12,8,0.6,1,187,-2,23,864.2,6.5,4,9.6,198.3,27.6
175,"Friday, May 4 2018",Friday,May,SFG,L,4,9,9,1,up 1.5,N,"41,807",1,19,12,0.612903226,-1,165,1.5,25,2473.4,6.5,3.8,9.4,191.4,25.4
176,"Saturday, May 5 2018",Saturday,May,SFG,L,2,11,9,1,up 1.0,N,"38,264",1,19,13,0.59375,-2,178,1,25,2473.4,5.4,4.5,9.4,187.8,24.6
177,"Sunday, May 6 2018",Sunday,May,SFG,L,3,4,9,1,up 1.0,D,"37,896",1,19,14,0.575757576,-3,189,1,20,2473.4,5.5,4.8,9.4,188.1,30.6
178,"Tuesday, May 15 2018",Tuesday,May,CHC,L,2,3,9,1,up 1.0,N,"34,452",1,25,16,0.609756098,-1,171,1,27,719.6,4.5,4.6,9.4,188,29.3
179,"Wednesday, May 16 2018",Wednesday,May,CHC,W,4,1,9,1,up 1.0,N,"28,264",1,26,16,0.619047619,1,175,1,27,719.6,4,4.8,9.4,186.5,28.5
180,"Friday, May 18 2018",Friday,May,MIA,L,0,2,9,1,up 0.5,N,"27,705",1,26,17,0.604651163,-1,156,0.5,27,662.5,4.2,4.8,9.4,188,22.3
181,"Saturday, May 19 2018",Saturday,May,MIA,W,8,1,9,1,up 0.5,N,"37,715",1,27,17,0.613636364,1,148,0.5,27,662.5,4.1,4.5,9.3,182,23.3
182,"Sunday, May 20 2018",Sunday,May,MIA,W-wo,10,9,9,1,up 1.5,D,"28,352",1,28,17,0.622222222,2,199,1.5,24,662.5,4.2,4.3,9.3,178,24.6
183,"Monday, May 28 (1) 2018",Monday,May,NYM,W-wo,4,3,9,1, Tied,D,"32,377",1,31,21,0.596153846,2,185,0,32,864.2,4,4.8,9.3,179.9,27.4
184,"Monday, May 28 (2) 2018",Monday,May,NYM,L,5,8,9,1, Tied,N,"31,779",1,31,22,0.58490566,-1,201,0,32,864.2,4.1,4.6,9,175.3,27.8
185,"Tuesday, May 29 2018",Tuesday,May,NYM,W-wo,7,6,9,1, Tied,N,"19,443",1,32,22,0.592592593,1,191,0,32,864.2,4.2,5.1,9,176.7,26.6
186,"Wednesday, May 30 2018",Wednesday,May,NYM,L,1,4,9,2,1,N,"21,449",1,32,23,0.581818182,-1,162,-1,32,864.2,4.5,4.8,9,179.3,26.1
187,"Thursday, May 31 2018",Thursday,May,WSN,W,4,2,9,1, Tied,N,"22,380",1,33,23,0.589285714,1,159,0,32,638.6,4.4,4.1,9,177.7,25.6
188,"Friday, Jun 1 2018",Friday,Jun,WSN,W,4,0,9,1,up 1.0,N,"33,845",1,34,23,0.596491228,2,144,1,32,638.6,4.5,3.9,9,174.7,23.9
189,"Saturday, Jun 2 2018",Saturday,Jun,WSN,L,3,5,14,1, Tied,D,"39,578",1,34,24,0.586206897,-1,240,0,32,638.6,4.7,3.6,9,172,21
190,"Sunday, Jun 3 2018",Sunday,Jun,WSN,W-wo,4,2,9,1,up 1.0,D,"33,132",1,35,24,0.593220339,1,167,1,24,638.6,4.6,4,9.5,178.5,23.3
191,"Tuesday, Jun 12 2018",Tuesday,Jun,NYM,W,8,2,9,1,up 0.5,N,"29,892",1,38,28,0.575757576,1,165,0.5,26,864.2,5,4,9.5,179.6,22.9
192,"Wednesday, Jun 13 2018",Wednesday,Jun,NYM,W,2,0,9,1,up 0.5,D,"32,015",1,39,28,0.582089552,2,132,0.5,26,864.2,5,4.1,9.5,181.3,23.1
193,"Thursday, Jun 14 2018",Thursday,Jun,SDP,W,4,2,9,1,up 1.0,N,"25,250",1,40,28,0.588235294,3,146,1,26,2139.9,4.2,3.2,9.5,174.6,21.9
194,"Friday, Jun 15 2018",Friday,Jun,SDP,L,3,9,9,1,up 1.0,N,"41,497",1,40,29,0.579710145,-1,170,1,26,2139.9,4.2,3.1,9.5,170.7,23.2
195,"Saturday, Jun 16 2018",Saturday,Jun,SDP,W,1,0,9,1,up 2.0,N,"41,916",1,41,29,0.585714286,1,139,2,26,2139.9,4,3.2,9.5,167.6,23.2
196,"Sunday, Jun 17 2018",Sunday,Jun,SDP,W,4,1,9,1,up 3.0,D,"40,251",1,42,29,0.591549296,2,190,3,28,2139.9,3.4,2.6,9.5,162.4,25.6
197,"Friday, Jun 22 2018",Friday,Jun,BAL,L,7,10,15,1,up 2.5,N,"37,192",1,43,31,0.581081081,-2,321,2.5,28,1845.6,3.7,2.3,9.5,165.2,25.5
198,"Saturday, Jun 23 2018",Saturday,Jun,BAL,L,5,7,9,1,up 1.5,D,"40,333",1,43,32,0.573333333,-3,188,1.5,28,1845.6,4,3.1,10.1,181.4,24.8
199,"Sunday, Jun 24 2018",Sunday,Jun,BAL,W,7,3,9,1,up 2.5,D,"33,794",1,44,32,0.578947368,1,174,2.5,27,1845.6,4.1,3.8,10.1,185.8,19.3
200,"Monday, Jun 25 2018",Monday,Jun,CIN,W-wo,5,4,11,1,up 3.5,N,"27,851",1,45,32,0.584415584,2,225,3.5,27,460.7,4.5,3.6,9.6,179.2,16.2
201,"Tuesday, Jun 26 2018",Tuesday,Jun,CIN,L,3,5,9,1,up 3.5,N,"28,356",1,45,33,0.576923077,-1,200,3.5,27,460.7,4.6,3.8,9.8,185,12.9
202,"Wednesday, Jun 27 2018",Wednesday,Jun,CIN,L,5,6,9,1,up 2.5,D,"30,207",1,45,34,0.569620253,-2,181,2.5,27,460.7,4.1,4.1,9.8,188.5,7
203,"Tuesday, Jul 10 2018",Tuesday,Jul,TOR,L,2,6,9,2,1,N,"31,747",1,50,40,0.555555556,-2,178,-1,25,951,4.4,4.7,9.8,193.4,11.1
204,"Wednesday, Jul 11 2018",Wednesday,Jul,TOR,W,9,5,9,1, Tied,N,"27,839",1,51,40,0.56043956,1,178,0,25,951,4.2,5.1,9.8,196.6,19.7
205,"Friday, Jul 13 2018",Friday,Jul,ARI,L,1,2,9,2,1.5,N,"42,130",1,51,41,0.554347826,-1,185,-1.5,25,1845.6,4.8,4.7,9.8,197.4,28.8
206,"Saturday, Jul 14 2018",Saturday,Jul,ARI,L,0,3,9,2,1.5,D,"40,862",1,51,42,0.548387097,-2,173,-1.5,25,1845.6,4.8,4.9,9.8,202,26.8
207,"Sunday, Jul 15 2018",Sunday,Jul,ARI,W,5,1,9,2,0.5,D,"27,323",1,52,42,0.553191489,1,162,-0.5,28,1845.6,4.4,5.1,9.8,200.3,26.9
208,"Thursday, Jul 26 2018",Thursday,Jul,LAD,L,2,8,9,2,2.5,N,"40,706",1,54,45,0.545454545,-2,175,-2.5,27,2182.4,4.2,4.2,9.2,184.4,26
209,"Friday, Jul 27 2018",Friday,Jul,LAD,L,1,4,9,2,2.5,N,"41,647",1,54,46,0.54,-3,171,-2.5,27,2182.4,3.9,4.3,9.2,183.1,21.7
210,"Saturday, Jul 28 2018",Saturday,Jul,LAD,L,1,5,9,2,2.5,N,"41,758",1,54,47,0.534653465,-4,202,-2.5,27,2182.4,3.3,4.4,9.2,182.8,23.2
211,"Sunday, Jul 29 2018",Sunday,Jul,LAD,W,4,1,9,2,1.5,D,"40,303",1,55,47,0.539215686,1,167,-1.5,33,2182.4,2.9,4.5,9,180.5,26.2
212,"Monday, Jul 30 2018",Monday,Jul,MIA,W,5,3,9,2,0.5,N,"21,230",1,56,47,0.54368932,2,169,-0.5,33,662.5,3,4.1,9,177.2,29.5
213,"Tuesday, Jul 31 2018",Tuesday,Jul,MIA,W,11,6,9,2,0.5,N,"18,627",1,57,47,0.548076923,3,173,-0.5,33,662.5,3,3.8,9,176,28.9
214,"Friday, Aug 10 2018",Friday,Aug,MIL,W,10,1,9,1, Tied,N,"36,519",1,63,50,0.557522124,1,179,0,27,813.9,3.9,3.8,9,175.5,29.3
215,"Saturday, Aug 11 2018",Saturday,Aug,MIL,L,2,4,9,2,1,N,"40,297",1,63,51,0.552631579,-1,162,-1,27,813.9,4,3.4,9,175.6,29.9
216,"Sunday, Aug 12 2018",Sunday,Aug,MIL,W,8,7,9,1, Tied,D,"25,360",1,64,51,0.556521739,1,199,0,39,813.9,4.1,3.6,9,173.3,27.6
217,"Monday, Aug 13 (1) 2018",Monday,Aug,MIA,W,9,1,9,1,up 1.0,D,"16,049",1,65,51,0.560344828,2,159,1,39,662.5,4.9,4,9,175.9,23.7
218,"Monday, Aug 13 (2) 2018",Monday,Aug,MIA,W,6,1,9,1,up 1.0,N,"18,186",1,66,51,0.564102564,3,178,1,39,662.5,5.3,4,9,175.6,25.8
219,"Tuesday, Aug 14 2018",Tuesday,Aug,MIA,W,10,6,9,1,up 2.0,N,"19,409",1,67,51,0.56779661,4,172,2,39,662.5,5.7,3.3,9,175.9,26.8
220,"Wednesday, Aug 15 2018",Wednesday,Aug,MIA,W,5,2,9,1,up 2.0,N,"19,045",1,68,51,0.571428571,5,170,2,39,662.5,6.6,3.5,9,176,28.5
221,"Thursday, Aug 16 2018",Thursday,Aug,COL,L,3,5,9,1,up 1.5,N,"23,428",1,68,52,0.566666667,-1,173,1.5,39,1402.6,7,3.2,9,172.8,22.9
222,"Friday, Aug 17 2018",Friday,Aug,COL,L,5,11,9,1,up 0.5,N,"28,964",1,68,53,0.561983471,-2,217,0.5,39,1402.6,6.9,3.6,9,173.4,20.6
223,"Saturday, Aug 18 2018",Saturday,Aug,COL,L,3,5,10,1,up 0.5,N,"42,143",1,68,54,0.557377049,-3,211,0.5,39,1402.6,6.9,4.4,9,178.2,21.2
224,"Sunday, Aug 19 2018",Sunday,Aug,COL,L,2,4,9,1,up 0.5,D,"33,942",1,68,55,0.552845528,-4,161,0.5,28,1402.6,6.1,4.3,9.1,182,17.6
225,"Tuesday, Aug 28 2018",Tuesday,Aug,TBR,W,9,5,9,1,up 4.5,N,"21,216",1,74,57,0.564885496,2,190,4.5,26,478.6,5.3,4.6,9.1,180.2,26.2
226,"Wednesday, Aug 29 2018",Wednesday,Aug,TBR,L,5,8,9,1,up 3.5,N,"20,876",1,74,58,0.560606061,-1,186,3.5,26,478.6,6,4.7,9.1,183,27.1
227,"Thursday, Aug 30 2018",Thursday,Aug,CHC,L,4,5,9,1,up 3.0,N,"37,603",1,74,59,0.556390977,-2,162,3,26,719.6,5.7,4.8,9.1,181.7,27.1
228,"Friday, Aug 31 2018",Friday,Aug,PIT,L,2,3,9,1,up 2.0,N,"36,650",1,74,60,0.552238806,-3,175,2,26,684.6,5.2,5.2,9.1,182,24.5
229,"Saturday, Sep 1 2018",Saturday,Sep,PIT,W,5,3,9,1,up 3.0,N,"33,705",1,75,60,0.555555556,1,173,3,26,684.6,4.8,5.4,9.1,181.7,24.6
230,"Sunday, Sep 2 2018",Sunday,Sep,PIT,W,5,1,9,1,up 4.0,N,"37,475",1,76,60,0.558823529,2,164,4,29,684.6,4.3,5.1,9.1,181.8,21.9
231,"Monday, Sep 3 2018",Monday,Sep,BOS,L,2,8,9,1,up 4.0,D,"40,394",1,76,61,0.554744526,-1,220,4,29,1077,4.3,5,9.1,181.2,21.8
232,"Tuesday, Sep 4 2018",Tuesday,Sep,BOS,L,1,5,9,1,up 3.0,N,"35,333",1,76,62,0.550724638,-2,183,3,29,1077,4.2,5.3,9.1,185.9,27.4
233,"Wednesday, Sep 5 2018",Wednesday,Sep,BOS,L,8,9,9,1,up 3.0,D,"28,386",1,76,63,0.54676259,-3,224,3,29,1077,3.8,4.7,9.1,182.5,28
234,"Friday, Sep 14 2018",Friday,Sep,WSN,W,10,5,9,1,up 7.5,N,"39,268",1,83,64,0.56462585,6,234,7.5,30,638.6,4.3,5.1,9,183.8,28.2
235,"Saturday, Sep 15 2018",Saturday,Sep,WSN,L,1,7,9,1,up 6.5,D,"36,050",1,83,65,0.560810811,-1,221,6.5,30,638.6,5.1,5.2,9,191.1,21.9
236,"Sunday, Sep 16 2018",Sunday,Sep,WSN,L,4,6,9,1,up 6.5,D,"33,403",1,83,66,0.55704698,-2,195,6.5,33,638.6,4.3,5.4,9,194.2,21.8
237,"Monday, Sep 17 2018",Monday,Sep,STL,L,6,11,9,1,up 6.5,N,"24,304",1,83,67,0.553333333,-3,218,6.5,33,554.9,4.2,5.2,9,195.1,21.8
238,"Tuesday, Sep 18 2018",Tuesday,Sep,STL,L,1,8,9,1,up 5.5,N,"23,083",1,83,68,0.549668874,-4,198,5.5,33,554.9,4.4,5.8,9,200.7,21.3
239,"Wednesday, Sep 19 2018",Wednesday,Sep,STL,W,7,3,9,1,up 5.5,D,"25,195",1,84,68,0.552631579,1,189,5.5,33,554.9,4.3,6.3,9,203,25.3
240,"Thursday, Sep 20 2018",Thursday,Sep,PHI,W,8,3,9,1,up 6.5,N,"27,474",1,85,68,0.555555556,2,205,6.5,33,778.3,4.5,6.3,9,204.6,26.7
241,"Friday, Sep 21 2018",Friday,Sep,PHI,W,6,5,9,1,up 7.5,N,"34,370",1,86,68,0.558441558,3,204,7.5,33,778.3,4.8,6.5,9,208.7,27.1
242,"Saturday, Sep 22 2018",Saturday,Sep,PHI,W,5,3,9,1,up 8.5,D,"35,616",1,87,68,0.561290323,4,158,8.5,33,778.3,5.2,6.2,9,207.1,26.3
243,"Sunday, Sep 23 2018",Sunday,Sep,PHI,W,2,1,9,1,up 9.5,D,"34,214",1,88,68,0.564102564,5,163,9.5,20,778.3,5.6,6,9,204.6,23.3
244,"Monday, Apr 1 2019",Monday,Apr,CHC,W,8,0,9,5,2.5,N,"41,912",1,1,3,0.25,1,192,-2.5,33,719.6,5,5.2,9,198.5,23.7
245,"Wednesday, Apr 3 2019",Wednesday,Apr,CHC,W,6,4,9,3,2.5,N,"37,398",1,2,3,0.4,2,212,-2.5,33,719.6,4.8,4.7,9,194.3,23.6
246,"Thursday, Apr 4 2019",Thursday,Apr,CHC,W,9,4,9,3,1.5,N,"33,815",1,3,3,0.5,3,209,-1.5,33,719.6,5.3,4.4,9,193.4,23.6
247,"Friday, Apr 5 2019",Friday,Apr,MIA,W,4,0,9,3,1.5,N,"29,218",1,4,3,0.571428571,4,155,-1.5,33,662.5,5.8,4.2,9,194.8,28.8
248,"Saturday, Apr 6 2019",Saturday,Apr,MIA,L,2,4,9,3,2,N,"35,618",1,4,4,0.5,-1,196,-2,33,662.5,5.6,3.1,9,188.5,28.2
249,"Sunday, Apr 7 2019",Sunday,Apr,MIA,W-wo,4,3,9,3,1.5,D,"32,551",1,5,4,0.555555556,1,153,-1.5,30,662.5,5.7,2.7,9,188.3,27.3
250,"Thursday, Apr 11 2019",Thursday,Apr,NYM,L,3,6,9,3,1,N,"24,015",1,7,5,0.583333333,-1,194,-1,10,864.2,5.4,2.7,9,184.7,26.3
251,"Friday, Apr 12 2019",Friday,Apr,NYM,L,2,6,9,3,2,N,"33,334",1,7,6,0.538461538,-2,187,-2,10,864.2,4.9,3,9,183.6,27.3
252,"Saturday, Apr 13 2019",Saturday,Apr,NYM,W,11,7,9,3,1,N,"40,117",1,8,6,0.571428571,1,214,-1,10,864.2,4.5,3.1,9,181.9,26.7
253,"Sunday, Apr 14 2019",Sunday,Apr,NYM,W,7,3,9,2,0.5,N,"23,385",1,9,6,0.6,2,216,-0.5,10,864.2,5.1,3.5,9,187.5,25.4
254,"Tuesday, Apr 16 2019",Tuesday,Apr,ARI,L,6,9,9,3,1,N,"22,407",1,9,7,0.5625,-1,216,-1,10,1845.6,5.6,3.7,9,192.8,25.5
255,"Wednesday, Apr 17 2019",Wednesday,Apr,ARI,L,2,3,10,3,2,N,"22,356",1,9,8,0.529411765,-2,212,-2,11,1845.6,5.4,4.6,9,195.2,23.3
256,"Thursday, Apr 18 2019",Thursday,Apr,ARI,L,1,4,9,4,2,D,"24,193",1,9,9,0.5,-3,205,-2,11,1845.6,5,4.5,9.1,195.2,22.8
257,"Friday, Apr 26 2019",Friday,Apr,COL,L,4,8,9,3,1.5,N,"40,282",1,12,13,0.48,-2,201,-1.5,22,1402.6,4.2,4.5,9.1,194.8,23.9
258,"Saturday, Apr 27 2019",Saturday,Apr,COL,L,5,9,9,3,2.5,N,"38,243",1,12,14,0.461538462,-3,178,-2.5,22,1402.6,4.2,5.3,9.1,199.4,22
259,"Sunday, Apr 28 2019",Sunday,Apr,COL,W,8,7,9,3,2.5,D,"33,919",1,13,14,0.481481481,1,227,-2.5,23,1402.6,4.5,5.8,9.1,197.6,22.9
260,"Monday, Apr 29 2019",Monday,Apr,SDP,W,3,1,9,2,2,N,"19,353",1,14,14,0.5,2,153,-2,23,2139.9,4.9,6.2,9.1,205,21.1
261,"Tuesday, Apr 30 2019",Tuesday,Apr,SDP,L,3,4,9,3,2,N,"18,626",1,14,15,0.482758621,-1,162,-2,23,2139.9,4.9,5.7,9.1,200.9,22.2
262,"Wednesday, May 1 2019",Wednesday,May,SDP,W,5,1,9,2,2,N,"20,394",1,15,15,0.5,1,159,-2,23,2139.9,5,5.5,9.1,198.4,23.9
263,"Thursday, May 2 2019",Thursday,May,SDP,L,2,11,9,3,2.5,D,"23,746",1,15,16,0.483870968,-1,173,-2.5,23,2139.9,4.4,4.9,9.1,192.9,24.6
264,"Tuesday, May 14 2019",Tuesday,May,STL,L,3,14,9,2,3.5,N,"23,718",1,21,21,0.5,-1,180,-3.5,26,554.9,3.9,5.7,9.1,188.6,14.4
265,"Wednesday, May 15 2019",Wednesday,May,STL,W,4,0,9,2,2.5,N,"23,367",1,22,21,0.511627907,1,160,-2.5,26,554.9,3.6,6.2,9.1,185,11.8
266,"Thursday, May 16 2019",Thursday,May,STL,W,10,2,9,2,1.5,N,"28,783",1,23,21,0.522727273,2,196,-1.5,26,554.9,3.8,5.9,9,179.8,10.3
267,"Friday, May 17 2019",Friday,May,MIL,W,12,8,9,2,1.5,N,"36,222",1,24,21,0.533333333,3,205,-1.5,26,813.9,4.7,5.7,9,178.9,12.2
268,"Saturday, May 18 2019",Saturday,May,MIL,W-wo,4,3,10,2,1.5,N,"39,121",1,25,21,0.543478261,4,214,-1.5,26,813.9,5.5,5.7,9,179.3,13.6
269,"Sunday, May 19 2019",Sunday,May,MIL,L,2,3,10,2,2.5,D,"36,548",1,25,22,0.531914894,-1,164,-2.5,29,813.9,5.4,5.1,9.1,182.9,16.1
270,"Tuesday, May 28 2019",Tuesday,May,WSN,L,4,5,9,2,2.5,N,"27,573",1,30,25,0.545454545,-1,201,-2.5,29,638.6,4.8,4.7,9.2,176.6,26.1
271,"Wednesday, May 29 2019",Wednesday,May,WSN,L,4,14,9,2,3.5,N,"37,726",1,30,26,0.535714286,-2,191,-3.5,29,638.6,4.9,5.1,9.2,181.4,27.4
272,"Friday, May 31 2019",Friday,May,DET,L,2,8,9,2,3,N,"35,524",1,30,27,0.526315789,-3,172,-3,29,722,5,6.1,9.2,184.3,28.3
273,"Saturday, Jun 1 2019",Saturday,Jun,DET,W,10,5,9,2,2,D,"37,108",1,31,27,0.534482759,1,171,-2,29,722,4.7,6.8,9.2,185.6,16.8
274,"Sunday, Jun 2 2019",Sunday,Jun,DET,W,7,4,9,2,1,D,"28,978",1,32,27,0.542372881,2,198,-1,30,722,5.5,6.2,9.2,185.4,17.9
275,"Monday, Jun 10 2019",Monday,Jun,PIT,W,13,7,9,1, Tied,N,"21,822",1,37,29,0.560606061,4,215,0,40,684.6,5.9,5.2,9.2,187.2,22.8
276,"Tuesday, Jun 11 2019",Tuesday,Jun,PIT,W,7,5,8,1, Tied,N,"31,305",1,38,29,0.567164179,5,195,0,40,684.6,6.8,5.9,9.2,192.7,27.6
277,"Wednesday, Jun 12 2019",Wednesday,Jun,PIT,W-wo,8,7,11,1,up 1.0,N,"24,428",1,39,29,0.573529412,6,257,1,40,684.6,6.5,6.2,9.1,192.6,27.1
278,"Thursday, Jun 13 2019",Thursday,Jun,PIT,W,6,5,9,1,up 1.5,D,"35,108",1,40,29,0.579710145,7,210,1.5,40,684.6,6.1,6.1,9.3,197.8,23.6
279,"Friday, Jun 14 2019",Friday,Jun,PHI,W-wo,9,8,9,1,up 2.5,N,"41,975",1,41,29,0.585714286,8,210,2.5,40,778.3,6.3,6.3,9.2,197.4,20.1
280,"Saturday, Jun 15 2019",Saturday,Jun,PHI,L,5,6,9,1,up 1.5,N,"43,593",1,41,30,0.577464789,-1,235,1.5,40,778.3,7,6.8,9.1,202,20.1
281,"Sunday, Jun 16 2019",Sunday,Jun,PHI,W,15,1,9,1,up 2.5,D,"40,855",1,42,30,0.583333333,1,189,2.5,39,778.3,7.1,6.9,9.1,205.4,25.9
282,"Monday, Jun 17 2019",Monday,Jun,NYM,W,12,3,9,1,up 3.0,N,"24,660",1,43,30,0.589041096,2,185,3,39,864.2,8.2,5.6,9.1,205.2,26.8
283,"Tuesday, Jun 18 2019",Tuesday,Jun,NYM,L,2,10,9,1,up 2.5,N,"24,971",1,43,31,0.581081081,-1,184,2.5,39,864.2,9.2,5.1,9.1,206.5,27.8
284,"Wednesday, Jun 19 2019",Wednesday,Jun,NYM,W,7,2,9,1,up 4.0,N,"37,104",1,44,31,0.586666667,1,183,4,39,864.2,8.4,5.6,9.1,207.8,28.6
285,"Tuesday, Jul 2 2019",Tuesday,Jul,PHI,L,0,2,9,1,up 4.5,N,"40,180",1,50,36,0.581395349,-2,168,4.5,44,778.3,8.4,5.4,9.1,206.3,27.3
286,"Wednesday, Jul 3 2019",Wednesday,Jul,PHI,W,9,2,9,1,up 5.5,N,"40,147",1,51,36,0.586206897,1,156,5.5,44,778.3,7.1,4.9,9.1,201.6,28.7
287,"Thursday, Jul 4 2019",Thursday,Jul,PHI,W,12,6,9,1,up 6.0,N,"40,633",1,52,36,0.590909091,2,212,6,44,778.3,7.3,4.6,9.2,197.7,16.5
288,"Friday, Jul 5 2019",Friday,Jul,MIA,W-wo,1,0,9,1,up 6.5,N,"41,102",1,53,36,0.595505618,3,180,6.5,44,662.5,7.7,4.5,9,193.2,13.1
289,"Saturday, Jul 6 2019",Saturday,Jul,MIA,L,4,5,9,1,up 6.0,D,"37,216",1,53,37,0.588888889,-1,199,6,44,662.5,7.2,4,9,190.2,28.4
290,"Sunday, Jul 7 2019",Sunday,Jul,MIA,W,4,3,9,1,up 6.0,D,"30,514",1,54,37,0.593406593,1,182,6,24,662.5,6.7,3.7,9,189.1,26.4
291,"Thursday, Jul 18 2019",Thursday,Jul,WSN,L,4,13,9,1,up 5.5,N,"39,363",1,58,40,0.591836735,-3,224,5.5,39,638.6,6.6,3.4,9,183.8,25.6
292,"Friday, Jul 19 2019",Friday,Jul,WSN,W-wo,4,3,9,1,up 6.5,N,"39,344",1,59,40,0.595959596,1,210,6.5,39,638.6,5.5,4.6,9,187.3,25.8
293,"Saturday, Jul 20 2019",Saturday,Jul,WSN,L,3,5,9,1,up 5.5,N,"42,467",1,59,41,0.59,-1,194,5.5,39,638.6,4.7,4.6,9,189.8,26.9
294,"Sunday, Jul 21 2019",Sunday,Jul,WSN,W,7,1,9,1,up 6.5,N,"31,848",1,60,41,0.594059406,1,182,6.5,37,638.6,4.8,4.1,9,190.8,25.6
295,"Tuesday, Jul 23 2019",Tuesday,Jul,KCR,L,4,5,9,1,up 5.5,N,"36,570",1,60,42,0.588235294,-1,210,5.5,37,800.7,4.8,4,9,190.7,24.4
296,"Wednesday, Jul 24 2019",Wednesday,Jul,KCR,L,0,2,9,1,up 4.0,N,"38,865",1,60,43,0.582524272,-2,163,4,37,800.7,5.2,4.3,9,194.9,22.2
297,"Thursday, Aug 1 2019",Thursday,Aug,CIN,W,4,1,6,1,up 7.0,N,"28,677",1,65,45,0.590909091,3,128,7,50,460.7,4.3,4.3,9,195.6,20.4
298,"Friday, Aug 2 2019",Friday,Aug,CIN,L,2,5,9,1,up 6.0,N,"37,743",1,65,46,0.585585586,-1,181,6,50,460.7,3.5,3.8,8.7,187.2,21.8
299,"Saturday, Aug 3 2019",Saturday,Aug,CIN,W-wo,5,4,10,1,up 7.0,N,"42,085",1,66,46,0.589285714,1,227,7,50,460.7,3.6,4.3,8.7,187.3,26.7
300,"Sunday, Aug 4 2019",Sunday,Aug,CIN,L,4,6,10,1,up 7.0,D,"33,083",1,66,47,0.584070796,-1,234,7,41,460.7,3.7,4.2,8.8,190.1,25.4
301,"Tuesday, Aug 13 2019",Tuesday,Aug,NYM,W,5,3,9,1,up 6.0,N,"27,627",1,71,50,0.58677686,2,198,6,39,864.2,3.7,4.5,8.9,195.3,22.6
302,"Wednesday, Aug 14 2019",Wednesday,Aug,NYM,W,6,4,9,1,up 6.0,N,"23,582",1,72,50,0.590163934,3,195,6,39,864.2,3.8,3.5,8.9,192.7,25.1
303,"Thursday, Aug 15 2019",Thursday,Aug,NYM,L,8,10,9,1,up 5.5,N,"25,424",1,72,51,0.585365854,-1,213,5.5,39,864.2,4,3.6,8.9,191.2,25.8
304,"Friday, Aug 16 2019",Friday,Aug,LAD,L,3,8,9,1,up 4.5,N,"41,413",1,72,52,0.580645161,-2,186,4.5,39,2182.4,4.5,4.1,8.9,193.1,25.8
305,"Saturday, Aug 17 2019",Saturday,Aug,LAD,W,4,3,9,1,up 5.5,N,"43,619",1,73,52,0.584,1,197,5.5,39,2182.4,4.1,4.8,8.9,193.5,19.8
306,"Sunday, Aug 18 2019",Sunday,Aug,LAD,W,5,3,9,1,up 5.5,D,"37,617",1,74,52,0.587301587,2,191,5.5,41,2182.4,4.1,4.6,8.9,192.2,19.8
307,"Tuesday, Aug 20 2019",Tuesday,Aug,MIA,W,5,1,9,1,up 6.0,N,"21,271",1,75,52,0.590551181,3,180,6,41,662.5,4.6,4.7,8.9,195,17.2
308,"Wednesday, Aug 21 2019",Wednesday,Aug,MIA,W,5,0,9,1,up 6.0,N,"23,537",1,76,52,0.59375,4,164,6,41,662.5,4.7,4.7,9.2,200.2,25.3
309,"Thursday, Aug 22 2019",Thursday,Aug,MIA,W-wo,3,2,9,1,up 6.0,N,"23,967",1,77,52,0.596899225,5,160,6,41,662.5,5,4.2,9.2,198.5,24.6
310,"Friday, Aug 30 2019",Friday,Aug,CHW,W,10,7,9,1,up 5.5,N,"39,097",1,82,54,0.602941176,2,208,5.5,36,719.6,4.8,4,9.1,191.8,24.3
311,"Saturday, Aug 31 2019",Saturday,Aug,CHW,W,11,5,9,1,up 5.5,N,"36,664",1,83,54,0.605839416,3,232,5.5,36,719.6,5.4,4.1,9,189.2,27.4
